{
  "course": "COMM 101",
  "professor": "Peter Blake",
  "units": [
    { "title": "1. Time Value of Money", "file": "1. Time Value of Money" },
    { "title": "2. Corporations and Capital", "file": "2. Corporations and Capital" },
    { "title": "3. Debt Markets", "file": "3. Debt Markets" },
    { "title": "4. The Stock Market", "file": "4. The Stock Market" },
    { "title": "5. Financial Statement Analysis", "file": "5. Financial Statement Analysis" },
    { "title": "6. Stock Picking Theories", "file": "6. Stock Picking Theories" },
    { "title": "7. Mutual Funds and Exchange Traded Funds", "file": "7. Mutual Funds and Exchange Traded Funds" },
    { "title": "8. Options", "file": "8. Options" }
  ]
} 